pokemon_id,name,primary_type,secondary_type,first_appreance,generation,category,total_base_stats,hp,attack,defense,special_attack,special_defense,speed
1,bulbasaur,grass,poison,red/blue,gen 1,regular,318,45,49,49,65,65,45
2,ivysaur,grass,poison,red/blue,gen 1,regular,405,60,62,63,80,80,60
3,venusaur,grass,poison,red/blue,gen 1,regular,525,80,82,83,100,100,80
4,charmander,fire,,red/blue,gen 1,regular,309,39,52,43,60,50,65
5,charmeleon,fire,,red/blue,gen 1,regular,405,58,64,58,80,65,80
6,charizard,fire,flying,red/blue,gen 1,regular,534,78,84,78,109,85,100
7,squirtle,water,,red/blue,gen 1,regular,314,44,48,65,50,64,43
8,wartortle,water,,red/blue,gen 1,regular,405,59,63,80,65,80,58
9,blastoise,water,,red/blue,gen 1,regular,530,79,83,100,85,105,78
10,caterpie,bug,,red/blue,gen 1,regular,195,45,30,35,20,20,45
11,metapod,bug,,red/blue,gen 1,regular,205,50,20,55,25,25,30
12,butterfree,bug,flying,red/blue,gen 1,regular,395,60,45,50,90,80,70
13,weedle,bug,poison,red/blue,gen 1,regular,195,40,35,30,20,20,50
14,kakuna,bug,poison,red/blue,gen 1,regular,205,45,25,50,25,25,35
15,beedrill,bug,poison,red/blue,gen 1,regular,395,65,90,40,45,80,75
16,pidgey,normal,flying,red/blue,gen 1,regular,251,40,45,40,35,35,56
17,pidgeotto,normal,flying,red/blue,gen 1,regular,349,63,60,55,50,50,71
18,pidgeot,normal,flying,red/blue,gen 1,regular,479,83,80,75,70,70,101
19,rattata,normal,,red/blue,gen 1,regular,253,30,56,35,25,35,72
20,raticate,normal,,red/blue,gen 1,regular,413,55,81,60,50,70,97
21,spearow,normal,flying,red/blue,gen 1,regular,262,40,60,30,31,31,70
22,fearow,normal,flying,red/blue,gen 1,regular,442,65,90,65,61,61,100
23,ekans,poison,,red/blue,gen 1,regular,288,35,60,44,40,54,55
24,arbok,poison,,red/blue,gen 1,regular,448,60,95,69,65,79,80
25,pikachu,electric,,red/blue,gen 1,regular,320,35,55,40,50,50,90
26,raichu,electric,,red/blue,gen 1,regular,485,60,90,55,90,80,110
27,sandshrew,ground,,red/blue,gen 1,regular,300,50,75,85,20,30,40
28,sandslash,ground,,red/blue,gen 1,regular,450,75,100,110,45,55,65
29,nidoran-f,poison,,red/blue,gen 1,regular,275,55,47,52,40,40,41
30,nidorina,poison,,red/blue,gen 1,regular,365,70,62,67,55,55,56
31,nidoqueen,poison,ground,red/blue,gen 1,regular,505,90,92,87,75,85,76
32,nidoran-m,poison,,red/blue,gen 1,regular,273,46,57,40,40,40,50
33,nidorino,poison,,red/blue,gen 1,regular,365,61,72,57,55,55,65
34,nidoking,poison,ground,red/blue,gen 1,regular,505,81,102,77,85,75,85
35,clefairy,fairy,,red/blue,gen 1,regular,323,70,45,48,60,65,35
36,clefable,fairy,,red/blue,gen 1,regular,483,95,70,73,95,90,60
37,vulpix,fire,,red/blue,gen 1,regular,299,38,41,40,50,65,65
38,ninetales,fire,,red/blue,gen 1,regular,505,73,76,75,81,100,100
39,jigglypuff,normal,fairy,red/blue,gen 1,regular,270,115,45,20,45,25,20
40,wigglytuff,normal,fairy,red/blue,gen 1,regular,435,140,70,45,85,50,45
41,zubat,poison,flying,red/blue,gen 1,regular,245,40,45,35,30,40,55
42,golbat,poison,flying,red/blue,gen 1,regular,455,75,80,70,65,75,90
43,oddish,grass,poison,red/blue,gen 1,regular,320,45,50,55,75,65,30
44,gloom,grass,poison,red/blue,gen 1,regular,395,60,65,70,85,75,40
45,vileplume,grass,poison,red/blue,gen 1,regular,490,75,80,85,110,90,50
46,paras,bug,grass,red/blue,gen 1,regular,285,35,70,55,45,55,25
47,parasect,bug,grass,red/blue,gen 1,regular,405,60,95,80,60,80,30
48,venonat,bug,poison,red/blue,gen 1,regular,305,60,55,50,40,55,45
49,venomoth,bug,poison,red/blue,gen 1,regular,450,70,65,60,90,75,90
50,diglett,ground,,red/blue,gen 1,regular,265,10,55,25,35,45,95
51,dugtrio,ground,,red/blue,gen 1,regular,425,35,100,50,50,70,120
52,meowth,normal,,red/blue,gen 1,regular,290,40,45,35,40,40,90
53,persian,normal,,red/blue,gen 1,regular,440,65,70,60,65,65,115
54,psyduck,water,,red/blue,gen 1,regular,320,50,52,48,65,50,55
55,golduck,water,,red/blue,gen 1,regular,500,80,82,78,95,80,85
56,mankey,fighting,,red/blue,gen 1,regular,305,40,80,35,35,45,70
57,primeape,fighting,,red/blue,gen 1,regular,455,65,105,60,60,70,95
58,growlithe,fire,,red/blue,gen 1,regular,350,55,70,45,70,50,60
59,arcanine,fire,,red/blue,gen 1,regular,555,90,110,80,100,80,95
60,poliwag,water,,red/blue,gen 1,regular,300,40,50,40,40,40,90
61,poliwhirl,water,,red/blue,gen 1,regular,385,65,65,65,50,50,90
62,poliwrath,water,fighting,red/blue,gen 1,regular,510,90,95,95,70,90,70
63,abra,psychic,,red/blue,gen 1,regular,310,25,20,15,105,55,90
64,kadabra,psychic,,red/blue,gen 1,regular,400,40,35,30,120,70,105
65,alakazam,psychic,,red/blue,gen 1,regular,500,55,50,45,135,95,120
66,machop,fighting,,red/blue,gen 1,regular,305,70,80,50,35,35,35
67,machoke,fighting,,red/blue,gen 1,regular,405,80,100,70,50,60,45
68,machamp,fighting,,red/blue,gen 1,regular,505,90,130,80,65,85,55
69,bellsprout,grass,poison,red/blue,gen 1,regular,300,50,75,35,70,30,40
70,weepinbell,grass,poison,red/blue,gen 1,regular,390,65,90,50,85,45,55
71,victreebel,grass,poison,red/blue,gen 1,regular,490,80,105,65,100,70,70
72,tentacool,water,poison,red/blue,gen 1,regular,335,40,40,35,50,100,70
73,tentacruel,water,poison,red/blue,gen 1,regular,515,80,70,65,80,120,100
74,geodude,rock,ground,red/blue,gen 1,regular,300,40,80,100,30,30,20
75,graveler,rock,ground,red/blue,gen 1,regular,390,55,95,115,45,45,35
76,golem,rock,ground,red/blue,gen 1,regular,495,80,120,130,55,65,45
77,ponyta,fire,,red/blue,gen 1,regular,410,50,85,55,65,65,90
78,rapidash,fire,,red/blue,gen 1,regular,500,65,100,70,80,80,105
79,slowpoke,water,psychic,red/blue,gen 1,regular,315,90,65,65,40,40,15
80,slowbro,water,psychic,red/blue,gen 1,regular,490,95,75,110,100,80,30
81,magnemite,electric,steel,red/blue,gen 1,regular,325,25,35,70,95,55,45
82,magneton,electric,steel,red/blue,gen 1,regular,465,50,60,95,120,70,70
83,farfetchd,normal,flying,red/blue,gen 1,regular,377,52,90,55,58,62,60
84,doduo,normal,flying,red/blue,gen 1,regular,310,35,85,45,35,35,75
85,dodrio,normal,flying,red/blue,gen 1,regular,470,60,110,70,60,60,110
86,seel,water,,red/blue,gen 1,regular,325,65,45,55,45,70,45
87,dewgong,water,ice,red/blue,gen 1,regular,475,90,70,80,70,95,70
88,grimer,poison,,red/blue,gen 1,regular,325,80,80,50,40,50,25
89,muk,poison,,red/blue,gen 1,regular,500,105,105,75,65,100,50
90,shellder,water,,red/blue,gen 1,regular,305,30,65,100,45,25,40
91,cloyster,water,ice,red/blue,gen 1,regular,525,50,95,180,85,45,70
92,gastly,ghost,poison,red/blue,gen 1,regular,310,30,35,30,100,35,80
93,haunter,ghost,poison,red/blue,gen 1,regular,405,45,50,45,115,55,95
94,gengar,ghost,poison,red/blue,gen 1,regular,500,60,65,60,130,75,110
95,onix,rock,ground,red/blue,gen 1,regular,385,35,45,160,30,45,70
96,drowzee,psychic,,red/blue,gen 1,regular,328,60,48,45,43,90,42
97,hypno,psychic,,red/blue,gen 1,regular,483,85,73,70,73,115,67
98,krabby,water,,red/blue,gen 1,regular,325,30,105,90,25,25,50
99,kingler,water,,red/blue,gen 1,regular,475,55,130,115,50,50,75
100,voltorb,electric,,red/blue,gen 1,regular,330,40,30,50,55,55,100
101,electrode,electric,,red/blue,gen 1,regular,490,60,50,70,80,80,150
102,exeggcute,grass,psychic,red/blue,gen 1,regular,325,60,40,80,60,45,40
103,exeggutor,grass,psychic,red/blue,gen 1,regular,530,95,95,85,125,75,55
104,cubone,ground,,red/blue,gen 1,regular,320,50,50,95,40,50,35
105,marowak,ground,,red/blue,gen 1,regular,425,60,80,110,50,80,45
106,hitmonlee,fighting,,red/blue,gen 1,regular,455,50,120,53,35,110,87
107,hitmonchan,fighting,,red/blue,gen 1,regular,455,50,105,79,35,110,76
108,lickitung,normal,,red/blue,gen 1,regular,385,90,55,75,60,75,30
109,koffing,poison,,red/blue,gen 1,regular,340,40,65,95,60,45,35
110,weezing,poison,,red/blue,gen 1,regular,490,65,90,120,85,70,60
111,rhyhorn,ground,rock,red/blue,gen 1,regular,345,80,85,95,30,30,25
112,rhydon,ground,rock,red/blue,gen 1,regular,485,105,130,120,45,45,40
113,chansey,normal,,red/blue,gen 1,regular,450,250,5,5,35,105,50
114,tangela,grass,,red/blue,gen 1,regular,435,65,55,115,100,40,60
115,kangaskhan,normal,,red/blue,gen 1,regular,490,105,95,80,40,80,90
116,horsea,water,,red/blue,gen 1,regular,295,30,40,70,70,25,60
117,seadra,water,,red/blue,gen 1,regular,440,55,65,95,95,45,85
118,goldeen,water,,red/blue,gen 1,regular,320,45,67,60,35,50,63
119,seaking,water,,red/blue,gen 1,regular,450,80,92,65,65,80,68
120,staryu,water,,red/blue,gen 1,regular,340,30,45,55,70,55,85
121,starmie,water,psychic,red/blue,gen 1,regular,520,60,75,85,100,85,115
122,mr-mime,psychic,fairy,red/blue,gen 1,regular,460,40,45,65,100,120,90
123,scyther,bug,flying,red/blue,gen 1,regular,500,70,110,80,55,80,105
124,jynx,ice,psychic,red/blue,gen 1,regular,455,65,50,35,115,95,95
125,electabuzz,electric,,red/blue,gen 1,regular,490,65,83,57,95,85,105
126,magmar,fire,,red/blue,gen 1,regular,495,65,95,57,100,85,93
127,pinsir,bug,,red/blue,gen 1,regular,500,65,125,100,55,70,85
128,tauros,normal,,red/blue,gen 1,regular,490,75,100,95,40,70,110
129,magikarp,water,,red/blue,gen 1,regular,200,20,10,55,15,20,80
130,gyarados,water,flying,red/blue,gen 1,regular,540,95,125,79,60,100,81
131,lapras,water,ice,red/blue,gen 1,regular,535,130,85,80,85,95,60
132,ditto,normal,,red/blue,gen 1,regular,288,48,48,48,48,48,48
133,eevee,normal,,red/blue,gen 1,regular,325,55,55,50,45,65,55
134,vaporeon,water,,red/blue,gen 1,regular,525,130,65,60,110,95,65
135,jolteon,electric,,red/blue,gen 1,regular,525,65,65,60,110,95,130
136,flareon,fire,,red/blue,gen 1,regular,525,65,130,60,95,110,65
137,porygon,normal,,red/blue,gen 1,regular,395,65,60,70,85,75,40
138,omanyte,rock,water,red/blue,gen 1,regular,355,35,40,100,90,55,35
139,omastar,rock,water,red/blue,gen 1,regular,495,70,60,125,115,70,55
140,kabuto,rock,water,red/blue,gen 1,regular,355,30,80,90,55,45,55
141,kabutops,rock,water,red/blue,gen 1,regular,495,60,115,105,65,70,80
142,aerodactyl,rock,flying,red/blue,gen 1,regular,515,80,105,65,60,75,130
143,snorlax,normal,,red/blue,gen 1,regular,540,160,110,65,65,110,30
144,articuno,ice,flying,red/blue,gen 1,legendary,580,90,85,100,95,125,85
145,zapdos,electric,flying,red/blue,gen 1,legendary,580,90,90,85,125,90,100
146,moltres,fire,flying,red/blue,gen 1,legendary,580,90,100,90,125,85,90
147,dratini,dragon,,red/blue,gen 1,regular,300,41,64,45,50,50,50
148,dragonair,dragon,,red/blue,gen 1,regular,420,61,84,65,70,70,70
149,dragonite,dragon,flying,red/blue,gen 1,regular,600,91,134,95,100,100,80
150,mewtwo,psychic,,red/blue,gen 1,legendary,680,106,110,90,154,90,130
151,mew,psychic,,red/blue,gen 1,mythical,600,100,100,100,100,100,100
152,chikorita,grass,,gold/silver,gen 2,regular,318,45,49,65,49,65,45
153,bayleef,grass,,gold/silver,gen 2,regular,405,60,62,80,63,80,60
154,meganium,grass,,gold/silver,gen 2,regular,525,80,82,100,83,100,80
155,cyndaquil,fire,,gold/silver,gen 2,regular,309,39,52,43,60,50,65
156,quilava,fire,,gold/silver,gen 2,regular,405,58,64,58,80,65,80
157,typhlosion,fire,,gold/silver,gen 2,regular,534,78,84,78,109,85,100
158,totodile,water,,gold/silver,gen 2,regular,314,50,65,64,44,48,43
159,croconaw,water,,gold/silver,gen 2,regular,405,65,80,80,59,63,58
160,feraligatr,water,,gold/silver,gen 2,regular,530,85,105,100,79,83,78
161,sentret,normal,,gold/silver,gen 2,regular,215,35,46,34,35,45,20
162,furret,normal,,gold/silver,gen 2,regular,415,85,76,64,45,55,90
163,hoothoot,normal,flying,gold/silver,gen 2,regular,262,60,30,30,36,56,50
164,noctowl,normal,flying,gold/silver,gen 2,regular,452,100,50,50,86,96,70
165,ledyba,bug,flying,gold/silver,gen 2,regular,265,40,20,30,40,80,55
166,ledian,bug,flying,gold/silver,gen 2,regular,390,55,35,50,55,110,85
167,spinarak,bug,poison,gold/silver,gen 2,regular,250,40,60,40,40,40,30
168,ariados,bug,poison,gold/silver,gen 2,regular,400,70,90,70,60,70,40
169,crobat,poison,flying,gold/silver,gen 2,regular,535,85,90,80,70,80,130
170,chinchou,water,electric,gold/silver,gen 2,regular,330,75,38,38,56,56,67
171,lanturn,water,electric,gold/silver,gen 2,regular,460,125,58,58,76,76,67
172,pichu,electric,,gold/silver,gen 2,regular,205,20,40,15,35,35,60
173,cleffa,fairy,,gold/silver,gen 2,regular,218,50,25,28,45,55,15
174,igglybuff,normal,fairy,gold/silver,gen 2,regular,210,90,30,15,40,20,15
175,togepi,fairy,,gold/silver,gen 2,regular,245,35,20,65,40,65,20
176,togetic,fairy,flying,gold/silver,gen 2,regular,405,55,40,85,80,105,40
177,natu,psychic,flying,gold/silver,gen 2,regular,320,40,50,45,70,45,70
178,xatu,psychic,flying,gold/silver,gen 2,regular,470,65,75,70,95,70,95
179,mareep,electric,,gold/silver,gen 2,regular,280,55,40,40,65,45,35
180,flaaffy,electric,,gold/silver,gen 2,regular,365,70,55,55,80,60,45
181,ampharos,electric,,gold/silver,gen 2,regular,510,90,75,85,115,90,55
182,bellossom,grass,,gold/silver,gen 2,regular,490,75,80,95,90,100,50
183,marill,water,fairy,gold/silver,gen 2,regular,250,70,20,50,20,50,40
184,azumarill,water,fairy,gold/silver,gen 2,regular,420,100,50,80,60,80,50
185,sudowoodo,rock,,gold/silver,gen 2,regular,410,70,100,115,30,65,30
186,politoed,water,,gold/silver,gen 2,regular,500,90,75,75,90,100,70
187,hoppip,grass,flying,gold/silver,gen 2,regular,250,35,35,40,35,55,50
188,skiploom,grass,flying,gold/silver,gen 2,regular,340,55,45,50,45,65,80
189,jumpluff,grass,flying,gold/silver,gen 2,regular,460,75,55,70,55,95,110
190,aipom,normal,,gold/silver,gen 2,regular,360,55,70,55,40,55,85
191,sunkern,grass,,gold/silver,gen 2,regular,180,30,30,30,30,30,30
192,sunflora,grass,,gold/silver,gen 2,regular,425,75,75,55,105,85,30
193,yanma,bug,flying,gold/silver,gen 2,regular,390,65,65,45,75,45,95
194,wooper,water,ground,gold/silver,gen 2,regular,210,55,45,45,25,25,15
195,quagsire,water,ground,gold/silver,gen 2,regular,430,95,85,85,65,65,35
196,espeon,psychic,,gold/silver,gen 2,regular,525,65,65,60,130,95,110
197,umbreon,dark,,gold/silver,gen 2,regular,525,95,65,110,60,130,65
198,murkrow,dark,flying,gold/silver,gen 2,regular,405,60,85,42,85,42,91
199,slowking,water,psychic,gold/silver,gen 2,regular,490,95,75,80,100,110,30
200,misdreavus,ghost,,gold/silver,gen 2,regular,435,60,60,60,85,85,85
201,unown,psychic,,gold/silver,gen 2,regular,336,48,72,48,72,48,48
202,wobbuffet,psychic,,gold/silver,gen 2,regular,405,190,33,58,33,58,33
203,girafarig,normal,psychic,gold/silver,gen 2,regular,455,70,80,65,90,65,85
204,pineco,bug,,gold/silver,gen 2,regular,290,50,65,90,35,35,15
205,forretress,bug,steel,gold/silver,gen 2,regular,465,75,90,140,60,60,40
206,dunsparce,normal,,gold/silver,gen 2,regular,415,100,70,70,65,65,45
207,gligar,ground,flying,gold/silver,gen 2,regular,430,65,75,105,35,65,85
208,steelix,steel,ground,gold/silver,gen 2,regular,510,75,85,200,55,65,30
209,snubbull,fairy,,gold/silver,gen 2,regular,300,60,80,50,40,40,30
210,granbull,fairy,,gold/silver,gen 2,regular,450,90,120,75,60,60,45
211,qwilfish,water,poison,gold/silver,gen 2,regular,440,65,95,85,55,55,85
212,scizor,bug,steel,gold/silver,gen 2,regular,500,70,130,100,55,80,65
213,shuckle,bug,rock,gold/silver,gen 2,regular,505,20,10,230,10,230,5
214,heracross,bug,fighting,gold/silver,gen 2,regular,500,80,125,75,40,95,85
215,sneasel,dark,ice,gold/silver,gen 2,regular,430,55,95,55,35,75,115
216,teddiursa,normal,,gold/silver,gen 2,regular,330,60,80,50,50,50,40
217,ursaring,normal,,gold/silver,gen 2,regular,500,90,130,75,75,75,55
218,slugma,fire,,gold/silver,gen 2,regular,250,40,40,40,70,40,20
219,magcargo,fire,rock,gold/silver,gen 2,regular,430,60,50,120,90,80,30
220,swinub,ice,ground,gold/silver,gen 2,regular,250,50,50,40,30,30,50
221,piloswine,ice,ground,gold/silver,gen 2,regular,450,100,100,80,60,60,50
222,corsola,water,rock,gold/silver,gen 2,regular,410,65,55,95,65,95,35
223,remoraid,water,,gold/silver,gen 2,regular,300,35,65,35,65,35,65
224,octillery,water,,gold/silver,gen 2,regular,480,75,105,75,105,75,45
225,delibird,ice,flying,gold/silver,gen 2,regular,330,45,55,45,65,45,75
226,mantine,water,flying,gold/silver,gen 2,regular,485,85,40,70,80,140,70
227,skarmory,steel,flying,gold/silver,gen 2,regular,465,65,80,140,40,70,70
228,houndour,dark,fire,gold/silver,gen 2,regular,330,45,60,30,80,50,65
229,houndoom,dark,fire,gold/silver,gen 2,regular,500,75,90,50,110,80,95
230,kingdra,water,dragon,gold/silver,gen 2,regular,540,75,95,95,95,95,85
231,phanpy,ground,,gold/silver,gen 2,regular,330,90,60,60,40,40,40
232,donphan,ground,,gold/silver,gen 2,regular,500,90,120,120,60,60,50
233,porygon2,normal,,gold/silver,gen 2,regular,515,85,80,90,105,95,60
234,stantler,normal,,gold/silver,gen 2,regular,465,73,95,62,85,65,85
235,smeargle,normal,,gold/silver,gen 2,regular,250,55,20,35,20,45,75
236,tyrogue,fighting,,gold/silver,gen 2,regular,210,35,35,35,35,35,35
237,hitmontop,fighting,,gold/silver,gen 2,regular,455,50,95,95,35,110,70
238,smoochum,ice,psychic,gold/silver,gen 2,regular,305,45,30,15,85,65,65
239,elekid,electric,,gold/silver,gen 2,regular,360,45,63,37,65,55,95
240,magby,fire,,gold/silver,gen 2,regular,365,45,75,37,70,55,83
241,miltank,normal,,gold/silver,gen 2,regular,490,95,80,105,40,70,100
242,blissey,normal,,gold/silver,gen 2,regular,540,255,10,10,75,135,55
243,raikou,electric,,gold/silver,gen 2,legendary,580,90,85,75,115,100,115
244,entei,fire,,gold/silver,gen 2,legendary,580,115,115,85,90,75,100
245,suicune,water,,gold/silver,gen 2,legendary,580,100,75,115,90,115,85
246,larvitar,rock,ground,gold/silver,gen 2,regular,300,50,64,50,45,50,41
247,pupitar,rock,ground,gold/silver,gen 2,regular,410,70,84,70,65,70,51
248,tyranitar,rock,dark,gold/silver,gen 2,regular,600,100,134,110,95,100,61
249,lugia,psychic,flying,gold/silver,gen 2,legendary,680,106,90,130,90,154,110
250,ho-oh,fire,flying,gold/silver,gen 2,legendary,680,106,130,90,110,154,90
251,celebi,psychic,grass,gold/silver,gen 2,mythical,600,100,100,100,100,100,100
252,treecko,grass,,ruby/sapphire,gen 3,regular,310,40,45,35,65,55,70
253,grovyle,grass,,ruby/sapphire,gen 3,regular,405,50,65,45,85,65,95
254,sceptile,grass,,ruby/sapphire,gen 3,regular,530,70,85,65,105,85,120
255,torchic,fire,,ruby/sapphire,gen 3,regular,310,45,60,40,70,50,45
256,combusken,fire,fighting,ruby/sapphire,gen 3,regular,405,60,85,60,85,60,55
257,blaziken,fire,fighting,ruby/sapphire,gen 3,regular,530,80,120,70,110,70,80
258,mudkip,water,,ruby/sapphire,gen 3,regular,310,50,70,50,50,50,40
259,marshtomp,water,ground,ruby/sapphire,gen 3,regular,405,70,85,70,60,70,50
260,swampert,water,ground,ruby/sapphire,gen 3,regular,535,100,110,90,85,90,60
261,poochyena,dark,,ruby/sapphire,gen 3,regular,220,35,55,35,30,30,35
262,mightyena,dark,,ruby/sapphire,gen 3,regular,420,70,90,70,60,60,70
263,zigzagoon,normal,,ruby/sapphire,gen 3,regular,240,38,30,41,30,41,60
264,linoone,normal,,ruby/sapphire,gen 3,regular,420,78,70,61,50,61,100
265,wurmple,bug,,ruby/sapphire,gen 3,regular,195,45,45,35,20,30,20
266,silcoon,bug,,ruby/sapphire,gen 3,regular,205,50,35,55,25,25,15
267,beautifly,bug,flying,ruby/sapphire,gen 3,regular,395,60,70,50,100,50,65
268,cascoon,bug,,ruby/sapphire,gen 3,regular,205,50,35,55,25,25,15
269,dustox,bug,poison,ruby/sapphire,gen 3,regular,385,60,50,70,50,90,65
270,lotad,water,grass,ruby/sapphire,gen 3,regular,220,40,30,30,40,50,30
271,lombre,water,grass,ruby/sapphire,gen 3,regular,340,60,50,50,60,70,50
272,ludicolo,water,grass,ruby/sapphire,gen 3,regular,480,80,70,70,90,100,70
273,seedot,grass,,ruby/sapphire,gen 3,regular,220,40,40,50,30,30,30
274,nuzleaf,grass,dark,ruby/sapphire,gen 3,regular,340,70,70,40,60,40,60
275,shiftry,grass,dark,ruby/sapphire,gen 3,regular,480,90,100,60,90,60,80
276,taillow,normal,flying,ruby/sapphire,gen 3,regular,270,40,55,30,30,30,85
277,swellow,normal,flying,ruby/sapphire,gen 3,regular,455,60,85,60,75,50,125
278,wingull,water,flying,ruby/sapphire,gen 3,regular,270,40,30,30,55,30,85
279,pelipper,water,flying,ruby/sapphire,gen 3,regular,440,60,50,100,95,70,65
280,ralts,psychic,fairy,ruby/sapphire,gen 3,regular,198,28,25,25,45,35,40
281,kirlia,psychic,fairy,ruby/sapphire,gen 3,regular,278,38,35,35,65,55,50
282,gardevoir,psychic,fairy,ruby/sapphire,gen 3,regular,518,68,65,65,125,115,80
283,surskit,bug,water,ruby/sapphire,gen 3,regular,269,40,30,32,50,52,65
284,masquerain,bug,flying,ruby/sapphire,gen 3,regular,454,70,60,62,100,82,80
285,shroomish,grass,,ruby/sapphire,gen 3,regular,295,60,40,60,40,60,35
286,breloom,grass,fighting,ruby/sapphire,gen 3,regular,460,60,130,80,60,60,70
287,slakoth,normal,,ruby/sapphire,gen 3,regular,280,60,60,60,35,35,30
288,vigoroth,normal,,ruby/sapphire,gen 3,regular,440,80,80,80,55,55,90
289,slaking,normal,,ruby/sapphire,gen 3,regular,670,150,160,100,95,65,100
290,nincada,bug,ground,ruby/sapphire,gen 3,regular,266,31,45,90,30,30,40
291,ninjask,bug,flying,ruby/sapphire,gen 3,regular,456,61,90,45,50,50,160
292,shedinja,bug,ghost,ruby/sapphire,gen 3,regular,236,1,90,45,30,30,40
293,whismur,normal,,ruby/sapphire,gen 3,regular,240,64,51,23,51,23,28
294,loudred,normal,,ruby/sapphire,gen 3,regular,360,84,71,43,71,43,48
295,exploud,normal,,ruby/sapphire,gen 3,regular,490,104,91,63,91,73,68
296,makuhita,fighting,,ruby/sapphire,gen 3,regular,237,72,60,30,20,30,25
297,hariyama,fighting,,ruby/sapphire,gen 3,regular,474,144,120,60,40,60,50
298,azurill,normal,fairy,ruby/sapphire,gen 3,regular,190,50,20,40,20,40,20
299,nosepass,rock,,ruby/sapphire,gen 3,regular,375,30,45,135,45,90,30
300,skitty,normal,,ruby/sapphire,gen 3,regular,260,50,45,45,35,35,50
301,delcatty,normal,,ruby/sapphire,gen 3,regular,400,70,65,65,55,55,90
302,sableye,dark,ghost,ruby/sapphire,gen 3,regular,380,50,75,75,65,65,50
303,mawile,steel,fairy,ruby/sapphire,gen 3,regular,380,50,85,85,55,55,50
304,aron,steel,rock,ruby/sapphire,gen 3,regular,330,50,70,100,40,40,30
305,lairon,steel,rock,ruby/sapphire,gen 3,regular,430,60,90,140,50,50,40
306,aggron,steel,rock,ruby/sapphire,gen 3,regular,530,70,110,180,60,60,50
307,meditite,fighting,psychic,ruby/sapphire,gen 3,regular,280,30,40,55,40,55,60
308,medicham,fighting,psychic,ruby/sapphire,gen 3,regular,410,60,60,75,60,75,80
309,electrike,electric,,ruby/sapphire,gen 3,regular,295,40,45,40,65,40,65
310,manectric,electric,,ruby/sapphire,gen 3,regular,475,70,75,60,105,60,105
311,plusle,electric,,ruby/sapphire,gen 3,regular,405,60,50,40,85,75,95
312,minun,electric,,ruby/sapphire,gen 3,regular,405,60,40,50,75,85,95
313,volbeat,bug,,ruby/sapphire,gen 3,regular,430,65,73,75,47,85,85
314,illumise,bug,,ruby/sapphire,gen 3,regular,430,65,47,75,73,85,85
315,roselia,grass,poison,ruby/sapphire,gen 3,regular,400,50,60,45,100,80,65
316,gulpin,poison,,ruby/sapphire,gen 3,regular,302,70,43,53,43,53,40
317,swalot,poison,,ruby/sapphire,gen 3,regular,467,100,73,83,73,83,55
318,carvanha,water,dark,ruby/sapphire,gen 3,regular,305,45,90,20,65,20,65
319,sharpedo,water,dark,ruby/sapphire,gen 3,regular,460,70,120,40,95,40,95
320,wailmer,water,,ruby/sapphire,gen 3,regular,400,130,70,35,70,35,60
321,wailord,water,,ruby/sapphire,gen 3,regular,500,170,90,45,90,45,60
322,numel,fire,ground,ruby/sapphire,gen 3,regular,305,60,60,40,65,45,35
323,camerupt,fire,ground,ruby/sapphire,gen 3,regular,460,70,100,70,105,75,40
324,torkoal,fire,,ruby/sapphire,gen 3,regular,470,70,85,140,85,70,20
325,spoink,psychic,,ruby/sapphire,gen 3,regular,330,60,25,35,70,80,60
326,grumpig,psychic,,ruby/sapphire,gen 3,regular,470,80,45,65,90,110,80
327,spinda,normal,,ruby/sapphire,gen 3,regular,360,60,60,60,60,60,60
328,trapinch,ground,,ruby/sapphire,gen 3,regular,290,45,100,45,45,45,10
329,vibrava,ground,dragon,ruby/sapphire,gen 3,regular,340,50,70,50,50,50,70
330,flygon,ground,dragon,ruby/sapphire,gen 3,regular,520,80,100,80,80,80,100
331,cacnea,grass,,ruby/sapphire,gen 3,regular,335,50,85,40,85,40,35
332,cacturne,grass,dark,ruby/sapphire,gen 3,regular,475,70,115,60,115,60,55
333,swablu,normal,flying,ruby/sapphire,gen 3,regular,310,45,40,60,40,75,50
334,altaria,dragon,flying,ruby/sapphire,gen 3,regular,490,75,70,90,70,105,80
335,zangoose,normal,,ruby/sapphire,gen 3,regular,458,73,115,60,60,60,90
336,seviper,poison,,ruby/sapphire,gen 3,regular,458,73,100,60,100,60,65
337,lunatone,rock,psychic,ruby/sapphire,gen 3,regular,460,90,55,65,95,85,70
338,solrock,rock,psychic,ruby/sapphire,gen 3,regular,460,90,95,85,55,65,70
339,barboach,water,ground,ruby/sapphire,gen 3,regular,288,50,48,43,46,41,60
340,whiscash,water,ground,ruby/sapphire,gen 3,regular,468,110,78,73,76,71,60
341,corphish,water,,ruby/sapphire,gen 3,regular,308,43,80,65,50,35,35
342,crawdaunt,water,dark,ruby/sapphire,gen 3,regular,468,63,120,85,90,55,55
343,baltoy,ground,psychic,ruby/sapphire,gen 3,regular,300,40,40,55,40,70,55
344,claydol,ground,psychic,ruby/sapphire,gen 3,regular,500,60,70,105,70,120,75
345,lileep,rock,grass,ruby/sapphire,gen 3,regular,355,66,41,77,61,87,23
346,cradily,rock,grass,ruby/sapphire,gen 3,regular,495,86,81,97,81,107,43
347,anorith,rock,bug,ruby/sapphire,gen 3,regular,355,45,95,50,40,50,75
348,armaldo,rock,bug,ruby/sapphire,gen 3,regular,495,75,125,100,70,80,45
349,feebas,water,,ruby/sapphire,gen 3,regular,200,20,15,20,10,55,80
350,milotic,water,,ruby/sapphire,gen 3,regular,540,95,60,79,100,125,81
351,castform,normal,,ruby/sapphire,gen 3,regular,420,70,70,70,70,70,70
352,kecleon,normal,,ruby/sapphire,gen 3,regular,440,60,90,70,60,120,40
353,shuppet,ghost,,ruby/sapphire,gen 3,regular,295,44,75,35,63,33,45
354,banette,ghost,,ruby/sapphire,gen 3,regular,455,64,115,65,83,63,65
355,duskull,ghost,,ruby/sapphire,gen 3,regular,295,20,40,90,30,90,25
356,dusclops,ghost,,ruby/sapphire,gen 3,regular,455,40,70,130,60,130,25
357,tropius,grass,flying,ruby/sapphire,gen 3,regular,460,99,68,83,72,87,51
358,chimecho,psychic,,ruby/sapphire,gen 3,regular,455,75,50,80,95,90,65
359,absol,dark,,ruby/sapphire,gen 3,regular,465,65,130,60,75,60,75
360,wynaut,psychic,,ruby/sapphire,gen 3,regular,260,95,23,48,23,48,23
361,snorunt,ice,,ruby/sapphire,gen 3,regular,300,50,50,50,50,50,50
362,glalie,ice,,ruby/sapphire,gen 3,regular,480,80,80,80,80,80,80
363,spheal,ice,water,ruby/sapphire,gen 3,regular,290,70,40,50,55,50,25
364,sealeo,ice,water,ruby/sapphire,gen 3,regular,410,90,60,70,75,70,45
365,walrein,ice,water,ruby/sapphire,gen 3,regular,530,110,80,90,95,90,65
366,clamperl,water,,ruby/sapphire,gen 3,regular,345,35,64,85,74,55,32
367,huntail,water,,ruby/sapphire,gen 3,regular,485,55,104,105,94,75,52
368,gorebyss,water,,ruby/sapphire,gen 3,regular,485,55,84,105,114,75,52
369,relicanth,water,rock,ruby/sapphire,gen 3,regular,485,100,90,130,45,65,55
370,luvdisc,water,,ruby/sapphire,gen 3,regular,330,43,30,55,40,65,97
371,bagon,dragon,,ruby/sapphire,gen 3,regular,300,45,75,60,40,30,50
372,shelgon,dragon,,ruby/sapphire,gen 3,regular,420,65,95,100,60,50,50
373,salamence,dragon,flying,ruby/sapphire,gen 3,regular,600,95,135,80,110,80,100
374,beldum,steel,psychic,ruby/sapphire,gen 3,regular,300,40,55,80,35,60,30
375,metang,steel,psychic,ruby/sapphire,gen 3,regular,420,60,75,100,55,80,50
376,metagross,steel,psychic,ruby/sapphire,gen 3,regular,600,80,135,130,95,90,70
377,regirock,rock,,ruby/sapphire,gen 3,legendary,580,80,100,200,50,100,50
378,regice,ice,,ruby/sapphire,gen 3,legendary,580,80,50,100,100,200,50
379,registeel,steel,,ruby/sapphire,gen 3,legendary,580,80,75,150,75,150,50
380,latias,dragon,psychic,ruby/sapphire,gen 3,legendary,600,80,80,90,110,130,110
381,latios,dragon,psychic,ruby/sapphire,gen 3,legendary,600,80,90,80,130,110,110
382,kyogre,water,,ruby/sapphire,gen 3,legendary,670,100,100,90,150,140,90
383,groudon,ground,,ruby/sapphire,gen 3,legendary,670,100,150,140,100,90,90
384,rayquaza,dragon,flying,ruby/sapphire,gen 3,legendary,680,105,150,90,150,90,95
385,jirachi,steel,psychic,ruby/sapphire,gen 3,mythical,600,100,100,100,100,100,100
386,deoxys,psychic,,ruby/sapphire,gen 3,mythical,600,50,150,50,150,50,150
387,turtwig,grass,,diamond/pearl,gen 4,regular,318,55,68,64,45,55,31
388,grotle,grass,,diamond/pearl,gen 4,regular,405,75,89,85,55,65,36
389,torterra,grass,ground,diamond/pearl,gen 4,regular,525,95,109,105,75,85,56
390,chimchar,fire,,diamond/pearl,gen 4,regular,309,44,58,44,58,44,61
391,monferno,fire,fighting,diamond/pearl,gen 4,regular,405,64,78,52,78,52,81
392,infernape,fire,fighting,diamond/pearl,gen 4,regular,534,76,104,71,104,71,108
393,piplup,water,,diamond/pearl,gen 4,regular,314,53,51,53,61,56,40
394,prinplup,water,,diamond/pearl,gen 4,regular,405,64,66,68,81,76,50
395,empoleon,water,steel,diamond/pearl,gen 4,regular,530,84,86,88,111,101,60
396,starly,normal,flying,diamond/pearl,gen 4,regular,245,40,55,30,30,30,60
397,staravia,normal,flying,diamond/pearl,gen 4,regular,340,55,75,50,40,40,80
398,staraptor,normal,flying,diamond/pearl,gen 4,regular,485,85,120,70,50,60,100
399,bidoof,normal,,diamond/pearl,gen 4,regular,250,59,45,40,35,40,31
400,bibarel,normal,water,diamond/pearl,gen 4,regular,410,79,85,60,55,60,71
401,kricketot,bug,,diamond/pearl,gen 4,regular,194,37,25,41,25,41,25
402,kricketune,bug,,diamond/pearl,gen 4,regular,384,77,85,51,55,51,65
403,shinx,electric,,diamond/pearl,gen 4,regular,263,45,65,34,40,34,45
404,luxio,electric,,diamond/pearl,gen 4,regular,363,60,85,49,60,49,60
405,luxray,electric,,diamond/pearl,gen 4,regular,523,80,120,79,95,79,70
406,budew,grass,poison,diamond/pearl,gen 4,regular,280,40,30,35,50,70,55
407,roserade,grass,poison,diamond/pearl,gen 4,regular,515,60,70,65,125,105,90
408,cranidos,rock,,diamond/pearl,gen 4,regular,350,67,125,40,30,30,58
409,rampardos,rock,,diamond/pearl,gen 4,regular,495,97,165,60,65,50,58
410,shieldon,rock,steel,diamond/pearl,gen 4,regular,350,30,42,118,42,88,30
411,bastiodon,rock,steel,diamond/pearl,gen 4,regular,495,60,52,168,47,138,30
412,burmy,bug,,diamond/pearl,gen 4,regular,224,40,29,45,29,45,36
413,wormadam,bug,grass,diamond/pearl,gen 4,regular,424,60,59,85,79,105,36
414,mothim,bug,flying,diamond/pearl,gen 4,regular,424,70,94,50,94,50,66
415,combee,bug,flying,diamond/pearl,gen 4,regular,244,30,30,42,30,42,70
416,vespiquen,bug,flying,diamond/pearl,gen 4,regular,474,70,80,102,80,102,40
417,pachirisu,electric,,diamond/pearl,gen 4,regular,405,60,45,70,45,90,95
418,buizel,water,,diamond/pearl,gen 4,regular,330,55,65,35,60,30,85
419,floatzel,water,,diamond/pearl,gen 4,regular,495,85,105,55,85,50,115
420,cherubi,grass,,diamond/pearl,gen 4,regular,275,45,35,45,62,53,35
421,cherrim,grass,,diamond/pearl,gen 4,regular,450,70,60,70,87,78,85
422,shellos,water,,diamond/pearl,gen 4,regular,325,76,48,48,57,62,34
423,gastrodon,water,ground,diamond/pearl,gen 4,regular,475,111,83,68,92,82,39
424,ambipom,normal,,diamond/pearl,gen 4,regular,482,75,100,66,60,66,115
425,drifloon,ghost,flying,diamond/pearl,gen 4,regular,348,90,50,34,60,44,70
426,drifblim,ghost,flying,diamond/pearl,gen 4,regular,498,150,80,44,90,54,80
427,buneary,normal,,diamond/pearl,gen 4,regular,350,55,66,44,44,56,85
428,lopunny,normal,,diamond/pearl,gen 4,regular,480,65,76,84,54,96,105
429,mismagius,ghost,,diamond/pearl,gen 4,regular,495,60,60,60,105,105,105
430,honchkrow,dark,flying,diamond/pearl,gen 4,regular,505,100,125,52,105,52,71
431,glameow,normal,,diamond/pearl,gen 4,regular,310,49,55,42,42,37,85
432,purugly,normal,,diamond/pearl,gen 4,regular,452,71,82,64,64,59,112
433,chingling,psychic,,diamond/pearl,gen 4,regular,285,45,30,50,65,50,45
434,stunky,poison,dark,diamond/pearl,gen 4,regular,329,63,63,47,41,41,74
435,skuntank,poison,dark,diamond/pearl,gen 4,regular,479,103,93,67,71,61,84
436,bronzor,steel,psychic,diamond/pearl,gen 4,regular,300,57,24,86,24,86,23
437,bronzong,steel,psychic,diamond/pearl,gen 4,regular,500,67,89,116,79,116,33
438,bonsly,rock,,diamond/pearl,gen 4,regular,290,50,80,95,10,45,10
439,mime-jr,psychic,fairy,diamond/pearl,gen 4,regular,310,20,25,45,70,90,60
440,happiny,normal,,diamond/pearl,gen 4,regular,220,100,5,5,15,65,30
441,chatot,normal,flying,diamond/pearl,gen 4,regular,411,76,65,45,92,42,91
442,spiritomb,ghost,dark,diamond/pearl,gen 4,regular,485,50,92,108,92,108,35
443,gible,dragon,ground,diamond/pearl,gen 4,regular,300,58,70,45,40,45,42
444,gabite,dragon,ground,diamond/pearl,gen 4,regular,410,68,90,65,50,55,82
445,garchomp,dragon,ground,diamond/pearl,gen 4,regular,600,108,130,95,80,85,102
446,munchlax,normal,,diamond/pearl,gen 4,regular,390,135,85,40,40,85,5
447,riolu,fighting,,diamond/pearl,gen 4,regular,285,40,70,40,35,40,60
448,lucario,fighting,steel,diamond/pearl,gen 4,regular,525,70,110,70,115,70,90
449,hippopotas,ground,,diamond/pearl,gen 4,regular,330,68,72,78,38,42,32
450,hippowdon,ground,,diamond/pearl,gen 4,regular,525,108,112,118,68,72,47
451,skorupi,poison,bug,diamond/pearl,gen 4,regular,330,40,50,90,30,55,65
452,drapion,poison,dark,diamond/pearl,gen 4,regular,500,70,90,110,60,75,95
453,croagunk,poison,fighting,diamond/pearl,gen 4,regular,300,48,61,40,61,40,50
454,toxicroak,poison,fighting,diamond/pearl,gen 4,regular,490,83,106,65,86,65,85
455,carnivine,grass,,diamond/pearl,gen 4,regular,454,74,100,72,90,72,46
456,finneon,water,,diamond/pearl,gen 4,regular,330,49,49,56,49,61,66
457,lumineon,water,,diamond/pearl,gen 4,regular,460,69,69,76,69,86,91
458,mantyke,water,flying,diamond/pearl,gen 4,regular,345,45,20,50,60,120,50
459,snover,grass,ice,diamond/pearl,gen 4,regular,334,60,62,50,62,60,40
460,abomasnow,grass,ice,diamond/pearl,gen 4,regular,494,90,92,75,92,85,60
461,weavile,dark,ice,diamond/pearl,gen 4,regular,510,70,120,65,45,85,125
462,magnezone,electric,steel,diamond/pearl,gen 4,regular,535,70,70,115,130,90,60
463,lickilicky,normal,,diamond/pearl,gen 4,regular,515,110,85,95,80,95,50
464,rhyperior,ground,rock,diamond/pearl,gen 4,regular,535,115,140,130,55,55,40
465,tangrowth,grass,,diamond/pearl,gen 4,regular,535,100,100,125,110,50,50
466,electivire,electric,,diamond/pearl,gen 4,regular,540,75,123,67,95,85,95
467,magmortar,fire,,diamond/pearl,gen 4,regular,540,75,95,67,125,95,83
468,togekiss,fairy,flying,diamond/pearl,gen 4,regular,545,85,50,95,120,115,80
469,yanmega,bug,flying,diamond/pearl,gen 4,regular,515,86,76,86,116,56,95
470,leafeon,grass,,diamond/pearl,gen 4,regular,525,65,110,130,60,65,95
471,glaceon,ice,,diamond/pearl,gen 4,regular,525,65,60,110,130,95,65
472,gliscor,ground,flying,diamond/pearl,gen 4,regular,510,75,95,125,45,75,95
473,mamoswine,ice,ground,diamond/pearl,gen 4,regular,530,110,130,80,70,60,80
474,porygon-z,normal,,diamond/pearl,gen 4,regular,535,85,80,70,135,75,90
475,gallade,psychic,fighting,diamond/pearl,gen 4,regular,518,68,125,65,65,115,80
476,probopass,rock,steel,diamond/pearl,gen 4,regular,525,60,55,145,75,150,40
477,dusknoir,ghost,,diamond/pearl,gen 4,regular,525,45,100,135,65,135,45
478,froslass,ice,ghost,diamond/pearl,gen 4,regular,480,70,80,70,80,70,110
479,rotom,electric,ghost,diamond/pearl,gen 4,regular,440,50,50,77,95,77,91
480,uxie,psychic,,diamond/pearl,gen 4,legendary,580,75,75,130,75,130,95
481,mesprit,psychic,,diamond/pearl,gen 4,legendary,580,80,105,105,105,105,80
482,azelf,psychic,,diamond/pearl,gen 4,legendary,580,75,125,70,125,70,115
483,dialga,steel,dragon,diamond/pearl,gen 4,legendary,680,100,120,120,150,100,90
484,palkia,water,dragon,diamond/pearl,gen 4,legendary,680,90,120,100,150,120,100
485,heatran,fire,steel,diamond/pearl,gen 4,legendary,600,91,90,106,130,106,77
486,regigigas,normal,,diamond/pearl,gen 4,legendary,670,110,160,110,80,110,100
487,giratina,ghost,dragon,diamond/pearl,gen 4,legendary,680,150,100,120,100,120,90
488,cresselia,psychic,,diamond/pearl,gen 4,legendary,580,120,70,110,75,120,85
489,phione,water,,diamond/pearl,gen 4,mythical,480,80,80,80,80,80,80
490,manaphy,water,,diamond/pearl,gen 4,mythical,600,100,100,100,100,100,100
491,darkrai,dark,,diamond/pearl,gen 4,mythical,600,70,90,90,135,90,125
492,shaymin,grass,,diamond/pearl,gen 4,mythical,600,100,100,100,100,100,100
493,arceus,normal,,diamond/pearl,gen 4,mythical,720,120,120,120,120,120,120
494,victini,psychic,fire,black/white,gen 5,mythical,600,100,100,100,100,100,100
495,snivy,grass,,black/white,gen 5,regular,308,45,45,55,45,55,63
496,servine,grass,,black/white,gen 5,regular,413,60,60,75,60,75,83
497,serperior,grass,,black/white,gen 5,regular,528,75,75,95,75,95,113
498,tepig,fire,,black/white,gen 5,regular,308,65,63,45,45,45,45
499,pignite,fire,fighting,black/white,gen 5,regular,418,90,93,55,70,55,55
500,emboar,fire,fighting,black/white,gen 5,regular,528,110,123,65,100,65,65
501,oshawott,water,,black/white,gen 5,regular,308,55,55,45,63,45,45
502,dewott,water,,black/white,gen 5,regular,413,75,75,60,83,60,60
503,samurott,water,,black/white,gen 5,regular,528,95,100,85,108,70,70
504,patrat,normal,,black/white,gen 5,regular,255,45,55,39,35,39,42
505,watchog,normal,,black/white,gen 5,regular,420,60,85,69,60,69,77
506,lillipup,normal,,black/white,gen 5,regular,275,45,60,45,25,45,55
507,herdier,normal,,black/white,gen 5,regular,370,65,80,65,35,65,60
508,stoutland,normal,,black/white,gen 5,regular,500,85,110,90,45,90,80
509,purrloin,dark,,black/white,gen 5,regular,281,41,50,37,50,37,66
510,liepard,dark,,black/white,gen 5,regular,446,64,88,50,88,50,106
511,pansage,grass,,black/white,gen 5,regular,316,50,53,48,53,48,64
512,simisage,grass,,black/white,gen 5,regular,498,75,98,63,98,63,101
513,pansear,fire,,black/white,gen 5,regular,316,50,53,48,53,48,64
514,simisear,fire,,black/white,gen 5,regular,498,75,98,63,98,63,101
515,panpour,water,,black/white,gen 5,regular,316,50,53,48,53,48,64
516,simipour,water,,black/white,gen 5,regular,498,75,98,63,98,63,101
517,munna,psychic,,black/white,gen 5,regular,292,76,25,45,67,55,24
518,musharna,psychic,,black/white,gen 5,regular,487,116,55,85,107,95,29
519,pidove,normal,flying,black/white,gen 5,regular,264,50,55,50,36,30,43
520,tranquill,normal,flying,black/white,gen 5,regular,358,62,77,62,50,42,65
521,unfezant,normal,flying,black/white,gen 5,regular,488,80,115,80,65,55,93
522,blitzle,electric,,black/white,gen 5,regular,295,45,60,32,50,32,76
523,zebstrika,electric,,black/white,gen 5,regular,497,75,100,63,80,63,116
524,roggenrola,rock,,black/white,gen 5,regular,280,55,75,85,25,25,15
525,boldore,rock,,black/white,gen 5,regular,390,70,105,105,50,40,20
526,gigalith,rock,,black/white,gen 5,regular,515,85,135,130,60,80,25
527,woobat,psychic,flying,black/white,gen 5,regular,323,65,45,43,55,43,72
528,swoobat,psychic,flying,black/white,gen 5,regular,425,67,57,55,77,55,114
529,drilbur,ground,,black/white,gen 5,regular,328,60,85,40,30,45,68
530,excadrill,ground,steel,black/white,gen 5,regular,508,110,135,60,50,65,88
531,audino,normal,,black/white,gen 5,regular,445,103,60,86,60,86,50
532,timburr,fighting,,black/white,gen 5,regular,305,75,80,55,25,35,35
533,gurdurr,fighting,,black/white,gen 5,regular,405,85,105,85,40,50,40
534,conkeldurr,fighting,,black/white,gen 5,regular,505,105,140,95,55,65,45
535,tympole,water,,black/white,gen 5,regular,294,50,50,40,50,40,64
536,palpitoad,water,ground,black/white,gen 5,regular,384,75,65,55,65,55,69
537,seismitoad,water,ground,black/white,gen 5,regular,509,105,95,75,85,75,74
538,throh,fighting,,black/white,gen 5,regular,465,120,100,85,30,85,45
539,sawk,fighting,,black/white,gen 5,regular,465,75,125,75,30,75,85
540,sewaddle,bug,grass,black/white,gen 5,regular,310,45,53,70,40,60,42
541,swadloon,bug,grass,black/white,gen 5,regular,380,55,63,90,50,80,42
542,leavanny,bug,grass,black/white,gen 5,regular,500,75,103,80,70,80,92
543,venipede,bug,poison,black/white,gen 5,regular,260,30,45,59,30,39,57
544,whirlipede,bug,poison,black/white,gen 5,regular,360,40,55,99,40,79,47
545,scolipede,bug,poison,black/white,gen 5,regular,485,60,100,89,55,69,112
546,cottonee,grass,fairy,black/white,gen 5,regular,280,40,27,60,37,50,66
547,whimsicott,grass,fairy,black/white,gen 5,regular,480,60,67,85,77,75,116
548,petilil,grass,,black/white,gen 5,regular,280,45,35,50,70,50,30
549,lilligant,grass,,black/white,gen 5,regular,480,70,60,75,110,75,90
550,basculin,water,,black/white,gen 5,regular,460,70,92,65,80,55,98
551,sandile,ground,dark,black/white,gen 5,regular,292,50,72,35,35,35,65
552,krokorok,ground,dark,black/white,gen 5,regular,351,60,82,45,45,45,74
553,krookodile,ground,dark,black/white,gen 5,regular,519,95,117,80,65,70,92
554,darumaka,fire,,black/white,gen 5,regular,315,70,90,45,15,45,50
555,darmanitan,fire,,black/white,gen 5,regular,480,105,140,55,30,55,95
556,maractus,grass,,black/white,gen 5,regular,461,75,86,67,106,67,60
557,dwebble,bug,rock,black/white,gen 5,regular,325,50,65,85,35,35,55
558,crustle,bug,rock,black/white,gen 5,regular,485,70,105,125,65,75,45
559,scraggy,dark,fighting,black/white,gen 5,regular,348,50,75,70,35,70,48
560,scrafty,dark,fighting,black/white,gen 5,regular,488,65,90,115,45,115,58
561,sigilyph,psychic,flying,black/white,gen 5,regular,490,72,58,80,103,80,97
562,yamask,ghost,,black/white,gen 5,regular,303,38,30,85,55,65,30
563,cofagrigus,ghost,,black/white,gen 5,regular,483,58,50,145,95,105,30
564,tirtouga,water,rock,black/white,gen 5,regular,355,54,78,103,53,45,22
565,carracosta,water,rock,black/white,gen 5,regular,495,74,108,133,83,65,32
566,archen,rock,flying,black/white,gen 5,regular,401,55,112,45,74,45,70
567,archeops,rock,flying,black/white,gen 5,regular,567,75,140,65,112,65,110
568,trubbish,poison,,black/white,gen 5,regular,329,50,50,62,40,62,65
569,garbodor,poison,,black/white,gen 5,regular,474,80,95,82,60,82,75
570,zorua,dark,,black/white,gen 5,regular,330,40,65,40,80,40,65
571,zoroark,dark,,black/white,gen 5,regular,510,60,105,60,120,60,105
572,minccino,normal,,black/white,gen 5,regular,300,55,50,40,40,40,75
573,cinccino,normal,,black/white,gen 5,regular,470,75,95,60,65,60,115
574,gothita,psychic,,black/white,gen 5,regular,290,45,30,50,55,65,45
575,gothorita,psychic,,black/white,gen 5,regular,390,60,45,70,75,85,55
576,gothitelle,psychic,,black/white,gen 5,regular,490,70,55,95,95,110,65
577,solosis,psychic,,black/white,gen 5,regular,290,45,30,40,105,50,20
578,duosion,psychic,,black/white,gen 5,regular,370,65,40,50,125,60,30
579,reuniclus,psychic,,black/white,gen 5,regular,490,110,65,75,125,85,30
580,ducklett,water,flying,black/white,gen 5,regular,305,62,44,50,44,50,55
581,swanna,water,flying,black/white,gen 5,regular,473,75,87,63,87,63,98
582,vanillite,ice,,black/white,gen 5,regular,305,36,50,50,65,60,44
583,vanillish,ice,,black/white,gen 5,regular,395,51,65,65,80,75,59
584,vanilluxe,ice,,black/white,gen 5,regular,535,71,95,85,110,95,79
585,deerling,normal,grass,black/white,gen 5,regular,335,60,60,50,40,50,75
586,sawsbuck,normal,grass,black/white,gen 5,regular,475,80,100,70,60,70,95
587,emolga,electric,flying,black/white,gen 5,regular,428,55,75,60,75,60,103
588,karrablast,bug,,black/white,gen 5,regular,315,50,75,45,40,45,60
589,escavalier,bug,steel,black/white,gen 5,regular,495,70,135,105,60,105,20
590,foongus,grass,poison,black/white,gen 5,regular,294,69,55,45,55,55,15
591,amoonguss,grass,poison,black/white,gen 5,regular,464,114,85,70,85,80,30
592,frillish,water,ghost,black/white,gen 5,regular,335,55,40,50,65,85,40
593,jellicent,water,ghost,black/white,gen 5,regular,480,100,60,70,85,105,60
594,alomomola,water,,black/white,gen 5,regular,470,165,75,80,40,45,65
595,joltik,bug,electric,black/white,gen 5,regular,319,50,47,50,57,50,65
596,galvantula,bug,electric,black/white,gen 5,regular,472,70,77,60,97,60,108
597,ferroseed,grass,steel,black/white,gen 5,regular,305,44,50,91,24,86,10
598,ferrothorn,grass,steel,black/white,gen 5,regular,489,74,94,131,54,116,20
599,klink,steel,,black/white,gen 5,regular,300,40,55,70,45,60,30
600,klang,steel,,black/white,gen 5,regular,440,60,80,95,70,85,50
601,klinklang,steel,,black/white,gen 5,regular,520,60,100,115,70,85,90
602,tynamo,electric,,black/white,gen 5,regular,275,35,55,40,45,40,60
603,eelektrik,electric,,black/white,gen 5,regular,405,65,85,70,75,70,40
604,eelektross,electric,,black/white,gen 5,regular,515,85,115,80,105,80,50
605,elgyem,psychic,,black/white,gen 5,regular,335,55,55,55,85,55,30
606,beheeyem,psychic,,black/white,gen 5,regular,485,75,75,75,125,95,40
607,litwick,ghost,fire,black/white,gen 5,regular,275,50,30,55,65,55,20
608,lampent,ghost,fire,black/white,gen 5,regular,370,60,40,60,95,60,55
609,chandelure,ghost,fire,black/white,gen 5,regular,520,60,55,90,145,90,80
610,axew,dragon,,black/white,gen 5,regular,320,46,87,60,30,40,57
611,fraxure,dragon,,black/white,gen 5,regular,410,66,117,70,40,50,67
612,haxorus,dragon,,black/white,gen 5,regular,540,76,147,90,60,70,97
613,cubchoo,ice,,black/white,gen 5,regular,305,55,70,40,60,40,40
614,beartic,ice,,black/white,gen 5,regular,505,95,130,80,70,80,50
615,cryogonal,ice,,black/white,gen 5,regular,515,80,50,50,95,135,105
616,shelmet,bug,,black/white,gen 5,regular,305,50,40,85,40,65,25
617,accelgor,bug,,black/white,gen 5,regular,495,80,70,40,100,60,145
618,stunfisk,ground,electric,black/white,gen 5,regular,471,109,66,84,81,99,32
619,mienfoo,fighting,,black/white,gen 5,regular,350,45,85,50,55,50,65
620,mienshao,fighting,,black/white,gen 5,regular,510,65,125,60,95,60,105
621,druddigon,dragon,,black/white,gen 5,regular,485,77,120,90,60,90,48
622,golett,ground,ghost,black/white,gen 5,regular,303,59,74,50,35,50,35
623,golurk,ground,ghost,black/white,gen 5,regular,483,89,124,80,55,80,55
624,pawniard,dark,steel,black/white,gen 5,regular,340,45,85,70,40,40,60
625,bisharp,dark,steel,black/white,gen 5,regular,490,65,125,100,60,70,70
626,bouffalant,normal,,black/white,gen 5,regular,490,95,110,95,40,95,55
627,rufflet,normal,flying,black/white,gen 5,regular,350,70,83,50,37,50,60
628,braviary,normal,flying,black/white,gen 5,regular,510,100,123,75,57,75,80
629,vullaby,dark,flying,black/white,gen 5,regular,370,70,55,75,45,65,60
630,mandibuzz,dark,flying,black/white,gen 5,regular,510,110,65,105,55,95,80
631,heatmor,fire,,black/white,gen 5,regular,484,85,97,66,105,66,65
632,durant,bug,steel,black/white,gen 5,regular,484,58,109,112,48,48,109
633,deino,dark,dragon,black/white,gen 5,regular,300,52,65,50,45,50,38
634,zweilous,dark,dragon,black/white,gen 5,regular,420,72,85,70,65,70,58
635,hydreigon,dark,dragon,black/white,gen 5,regular,600,92,105,90,125,90,98
636,larvesta,bug,fire,black/white,gen 5,regular,360,55,85,55,50,55,60
637,volcarona,bug,fire,black/white,gen 5,regular,550,85,60,65,135,105,100
638,cobalion,steel,fighting,black/white,gen 5,legendary,580,91,90,129,90,72,108
639,terrakion,rock,fighting,black/white,gen 5,legendary,580,91,129,90,72,90,108
640,virizion,grass,fighting,black/white,gen 5,legendary,580,91,90,72,90,129,108
641,tornadus,flying,,black/white,gen 5,legendary,580,79,115,70,125,80,111
642,thundurus,electric,flying,black/white,gen 5,legendary,580,79,115,70,125,80,111
643,reshiram,dragon,fire,black/white,gen 5,legendary,680,100,120,100,150,120,90
644,zekrom,dragon,electric,black/white,gen 5,legendary,680,100,150,120,120,100,90
645,landorus,ground,flying,black/white,gen 5,legendary,600,89,125,90,115,80,101
646,kyurem,dragon,ice,black/white,gen 5,legendary,660,125,130,90,130,90,95
647,keldeo,water,fighting,black/white,gen 5,mythical,580,91,72,90,129,90,108
648,meloetta,normal,psychic,black/white,gen 5,mythical,600,100,77,77,128,128,90
649,genesect,bug,steel,black/white,gen 5,mythical,600,71,120,95,120,95,99
650,chespin,grass,,x/y,gen 6,regular,313,56,61,65,48,45,38
651,quilladin,grass,,x/y,gen 6,regular,405,61,78,95,56,58,57
652,chesnaught,grass,fighting,x/y,gen 6,regular,530,88,107,122,74,75,64
653,fennekin,fire,,x/y,gen 6,regular,307,40,45,40,62,60,60
654,braixen,fire,,x/y,gen 6,regular,409,59,59,58,90,70,73
655,delphox,fire,psychic,x/y,gen 6,regular,534,75,69,72,114,100,104
656,froakie,water,,x/y,gen 6,regular,314,41,56,40,62,44,71
657,frogadier,water,,x/y,gen 6,regular,405,54,63,52,83,56,97
658,greninja,water,dark,x/y,gen 6,regular,530,72,95,67,103,71,122
659,bunnelby,normal,,x/y,gen 6,regular,237,38,36,38,32,36,57
660,diggersby,normal,ground,x/y,gen 6,regular,423,85,56,77,50,77,78
661,fletchling,normal,flying,x/y,gen 6,regular,278,45,50,43,40,38,62
662,fletchinder,fire,flying,x/y,gen 6,regular,382,62,73,55,56,52,84
663,talonflame,fire,flying,x/y,gen 6,regular,499,78,81,71,74,69,126
664,scatterbug,bug,,x/y,gen 6,regular,200,38,35,40,27,25,35
665,spewpa,bug,,x/y,gen 6,regular,213,45,22,60,27,30,29
666,vivillon,bug,flying,x/y,gen 6,regular,411,80,52,50,90,50,89
667,litleo,fire,normal,x/y,gen 6,regular,369,62,50,58,73,54,72
668,pyroar,fire,normal,x/y,gen 6,regular,507,86,68,72,109,66,106
669,flabebe,fairy,,x/y,gen 6,regular,303,44,38,39,61,79,42
670,floette,fairy,,x/y,gen 6,regular,371,54,45,47,75,98,52
671,florges,fairy,,x/y,gen 6,regular,552,78,65,68,112,154,75
672,skiddo,grass,,x/y,gen 6,regular,350,66,65,48,62,57,52
673,gogoat,grass,,x/y,gen 6,regular,531,123,100,62,97,81,68
674,pancham,fighting,,x/y,gen 6,regular,348,67,82,62,46,48,43
675,pangoro,fighting,dark,x/y,gen 6,regular,495,95,124,78,69,71,58
676,furfrou,normal,,x/y,gen 6,regular,472,75,80,60,65,90,102
677,espurr,psychic,,x/y,gen 6,regular,355,62,48,54,63,60,68
678,meowstic,psychic,,x/y,gen 6,regular,466,74,48,76,83,81,104
679,honedge,steel,ghost,x/y,gen 6,regular,325,45,80,100,35,37,28
680,doublade,steel,ghost,x/y,gen 6,regular,448,59,110,150,45,49,35
681,aegislash,steel,ghost,x/y,gen 6,regular,500,60,50,140,50,140,60
682,spritzee,fairy,,x/y,gen 6,regular,341,78,52,60,63,65,23
683,aromatisse,fairy,,x/y,gen 6,regular,462,101,72,72,99,89,29
684,swirlix,fairy,,x/y,gen 6,regular,341,62,48,66,59,57,49
685,slurpuff,fairy,,x/y,gen 6,regular,480,82,80,86,85,75,72
686,inkay,dark,psychic,x/y,gen 6,regular,288,53,54,53,37,46,45
687,malamar,dark,psychic,x/y,gen 6,regular,482,86,92,88,68,75,73
688,binacle,rock,water,x/y,gen 6,regular,306,42,52,67,39,56,50
689,barbaracle,rock,water,x/y,gen 6,regular,500,72,105,115,54,86,68
690,skrelp,poison,water,x/y,gen 6,regular,320,50,60,60,60,60,30
691,dragalge,poison,dragon,x/y,gen 6,regular,494,65,75,90,97,123,44
692,clauncher,water,,x/y,gen 6,regular,330,50,53,62,58,63,44
693,clawitzer,water,,x/y,gen 6,regular,500,71,73,88,120,89,59
694,helioptile,electric,normal,x/y,gen 6,regular,289,44,38,33,61,43,70
695,heliolisk,electric,normal,x/y,gen 6,regular,481,62,55,52,109,94,109
696,tyrunt,rock,dragon,x/y,gen 6,regular,362,58,89,77,45,45,48
697,tyrantrum,rock,dragon,x/y,gen 6,regular,521,82,121,119,69,59,71
698,amaura,rock,ice,x/y,gen 6,regular,362,77,59,50,67,63,46
699,aurorus,rock,ice,x/y,gen 6,regular,521,123,77,72,99,92,58
700,sylveon,fairy,,x/y,gen 6,regular,525,95,65,65,110,130,60
701,hawlucha,fighting,flying,x/y,gen 6,regular,500,78,92,75,74,63,118
702,dedenne,electric,fairy,x/y,gen 6,regular,431,67,58,57,81,67,101
703,carbink,rock,fairy,x/y,gen 6,regular,500,50,50,150,50,150,50
704,goomy,dragon,,x/y,gen 6,regular,300,45,50,35,55,75,40
705,sliggoo,dragon,,x/y,gen 6,regular,452,68,75,53,83,113,60
706,goodra,dragon,,x/y,gen 6,regular,600,90,100,70,110,150,80
707,klefki,steel,fairy,x/y,gen 6,regular,470,57,80,91,80,87,75
708,phantump,ghost,grass,x/y,gen 6,regular,309,43,70,48,50,60,38
709,trevenant,ghost,grass,x/y,gen 6,regular,474,85,110,76,65,82,56
710,pumpkaboo,ghost,grass,x/y,gen 6,regular,335,49,66,70,44,55,51
711,gourgeist,ghost,grass,x/y,gen 6,regular,494,65,90,122,58,75,84
712,bergmite,ice,,x/y,gen 6,regular,304,55,69,85,32,35,28
713,avalugg,ice,,x/y,gen 6,regular,514,95,117,184,44,46,28
714,noibat,flying,dragon,x/y,gen 6,regular,245,40,30,35,45,40,55
715,noivern,flying,dragon,x/y,gen 6,regular,535,85,70,80,97,80,123
716,xerneas,fairy,,x/y,gen 6,legendary,680,126,131,95,131,98,99
717,yveltal,dark,flying,x/y,gen 6,legendary,680,126,131,95,131,98,99
718,zygarde,dragon,ground,x/y,gen 6,legendary,600,108,100,121,81,95,95
719,diancie,rock,fairy,x/y,gen 6,mythical,600,50,100,150,100,150,50
720,hoopa,psychic,ghost,x/y,gen 6,mythical,600,80,110,60,150,130,70
721,volcanion,fire,water,x/y,gen 6,mythical,600,80,110,120,130,90,70
722,rowlet,grass,flying,sun/moon,gen 7,regular,320,68,55,55,50,50,42
723,dartrix,grass,flying,sun/moon,gen 7,regular,420,78,75,75,70,70,52
724,decidueye,grass,ghost,sun/moon,gen 7,regular,530,78,107,75,100,100,70
725,litten,fire,,sun/moon,gen 7,regular,320,45,65,40,60,40,70
726,torracat,fire,,sun/moon,gen 7,regular,420,65,85,50,80,50,90
727,incineroar,fire,dark,sun/moon,gen 7,regular,530,95,115,90,80,90,60
728,popplio,water,,sun/moon,gen 7,regular,320,50,54,54,66,56,40
729,brionne,water,,sun/moon,gen 7,regular,420,60,69,69,91,81,50
730,primarina,water,fairy,sun/moon,gen 7,regular,530,80,74,74,126,116,60
731,pikipek,normal,flying,sun/moon,gen 7,regular,265,35,75,30,30,30,65
732,trumbeak,normal,flying,sun/moon,gen 7,regular,355,55,85,50,40,50,75
733,toucannon,normal,flying,sun/moon,gen 7,regular,485,80,120,75,75,75,60
734,yungoos,normal,,sun/moon,gen 7,regular,253,48,70,30,30,30,45
735,gumshoos,normal,,sun/moon,gen 7,regular,418,88,110,60,55,60,45
736,grubbin,bug,,sun/moon,gen 7,regular,300,47,62,45,55,45,46
737,charjabug,bug,electric,sun/moon,gen 7,regular,400,57,82,95,55,75,36
738,vikavolt,bug,electric,sun/moon,gen 7,regular,500,77,70,90,145,75,43
739,crabrawler,fighting,,sun/moon,gen 7,regular,338,47,82,57,42,47,63
740,crabominable,fighting,ice,sun/moon,gen 7,regular,478,97,132,77,62,67,43
741,oricorio,fire,flying,sun/moon,gen 7,regular,476,75,70,70,98,70,93
742,cutiefly,bug,fairy,sun/moon,gen 7,regular,304,40,45,40,55,40,84
743,ribombee,bug,fairy,sun/moon,gen 7,regular,464,60,55,60,95,70,124
744,rockruff,rock,,sun/moon,gen 7,regular,280,45,65,40,30,40,60
745,lycanroc,rock,,sun/moon,gen 7,regular,487,75,115,65,55,65,112
746,wishiwashi,water,,sun/moon,gen 7,regular,175,45,20,20,25,25,40
747,mareanie,poison,water,sun/moon,gen 7,regular,305,50,53,62,43,52,45
748,toxapex,poison,water,sun/moon,gen 7,regular,495,50,63,152,53,142,35
749,mudbray,ground,,sun/moon,gen 7,regular,385,70,100,70,45,55,45
750,mudsdale,ground,,sun/moon,gen 7,regular,500,100,125,100,55,85,35
751,dewpider,water,bug,sun/moon,gen 7,regular,269,38,40,52,40,72,27
752,araquanid,water,bug,sun/moon,gen 7,regular,454,68,70,92,50,132,42
753,fomantis,grass,,sun/moon,gen 7,regular,250,40,55,35,50,35,35
754,lurantis,grass,,sun/moon,gen 7,regular,480,70,105,90,80,90,45
755,morelull,grass,fairy,sun/moon,gen 7,regular,285,40,35,55,65,75,15
756,shiinotic,grass,fairy,sun/moon,gen 7,regular,405,60,45,80,90,100,30
757,salandit,poison,fire,sun/moon,gen 7,regular,320,48,44,40,71,40,77
758,salazzle,poison,fire,sun/moon,gen 7,regular,480,68,64,60,111,60,117
759,stufful,normal,fighting,sun/moon,gen 7,regular,340,70,75,50,45,50,50
760,bewear,normal,fighting,sun/moon,gen 7,regular,500,120,125,80,55,60,60
761,bounsweet,grass,,sun/moon,gen 7,regular,210,42,30,38,30,38,32
762,steenee,grass,,sun/moon,gen 7,regular,290,52,40,48,40,48,62
763,tsareena,grass,,sun/moon,gen 7,regular,510,72,120,98,50,98,72
764,comfey,fairy,,sun/moon,gen 7,regular,485,51,52,90,82,110,100
765,oranguru,normal,psychic,sun/moon,gen 7,regular,490,90,60,80,90,110,60
766,passimian,fighting,,sun/moon,gen 7,regular,490,100,120,90,40,60,80
767,wimpod,bug,water,sun/moon,gen 7,regular,230,25,35,40,20,30,80
768,golisopod,bug,water,sun/moon,gen 7,regular,530,75,125,140,60,90,40
769,sandygast,ghost,ground,sun/moon,gen 7,regular,320,55,55,80,70,45,15
770,palossand,ghost,ground,sun/moon,gen 7,regular,480,85,75,110,100,75,35
771,pyukumuku,water,,sun/moon,gen 7,regular,410,55,60,130,30,130,5
772,type-null,normal,,sun/moon,gen 7,regular,534,95,95,95,95,95,59
773,silvally,normal,,sun/moon,gen 7,legendary,570,95,95,95,95,95,95
774,minior,rock,flying,sun/moon,gen 7,regular,440,60,60,100,60,100,60
775,komala,normal,,sun/moon,gen 7,regular,480,65,115,65,75,95,65
776,turtonator,fire,dragon,sun/moon,gen 7,regular,485,60,78,135,91,85,36
777,togedemaru,electric,steel,sun/moon,gen 7,regular,435,65,98,63,40,73,96
778,mimikyu,ghost,fairy,sun/moon,gen 7,regular,476,55,90,80,50,105,96
779,bruxish,water,psychic,sun/moon,gen 7,regular,475,68,105,70,70,70,92
780,drampa,normal,dragon,sun/moon,gen 7,regular,485,78,60,85,135,91,36
781,dhelmise,ghost,grass,sun/moon,gen 7,regular,517,70,131,100,86,90,40
782,jangmo-o,dragon,,sun/moon,gen 7,regular,300,45,55,65,45,45,45
783,hakamo-o,dragon,fighting,sun/moon,gen 7,regular,420,55,75,90,65,70,65
784,kommo-o,dragon,fighting,sun/moon,gen 7,regular,600,75,110,125,100,105,85
785,tapu-koko,electric,fairy,sun/moon,gen 7,legendary,570,70,115,85,95,75,130
786,tapu-lele,psychic,fairy,sun/moon,gen 7,legendary,570,70,85,75,130,115,95
787,tapu-bulu,grass,fairy,sun/moon,gen 7,legendary,570,70,130,115,85,95,75
788,tapu-fini,water,fairy,sun/moon,gen 7,legendary,570,70,75,115,95,130,85
789,cosmog,psychic,,sun/moon,gen 7,legendary,200,43,29,31,29,31,37
790,cosmoem,psychic,,sun/moon,gen 7,legendary,400,43,29,131,29,131,37
791,solgaleo,psychic,steel,sun/moon,gen 7,legendary,680,137,137,107,113,89,97
792,lunala,psychic,ghost,sun/moon,gen 7,legendary,680,137,113,89,137,107,97
793,nihilego,rock,poison,sun/moon,gen 7,ultra beast,570,109,53,47,127,131,103
794,buzzwole,bug,fighting,sun/moon,gen 7,ultra beast,570,107,139,139,53,53,79
795,pheromosa,bug,fighting,sun/moon,gen 7,ultra beast,570,71,137,37,137,37,151
796,xurkitree,electric,,sun/moon,gen 7,ultra beast,570,83,89,71,173,71,83
797,celesteela,steel,flying,sun/moon,gen 7,ultra beast,570,97,101,103,107,101,61
798,kartana,grass,steel,sun/moon,gen 7,ultra beast,570,59,181,131,59,31,109
799,guzzlord,dark,dragon,sun/moon,gen 7,ultra beast,570,223,101,53,97,53,43
800,necrozma,psychic,,sun/moon,gen 7,legendary,600,97,107,101,127,89,79
801,magearna,steel,fairy,sun/moon,gen 7,mythical,600,80,95,115,130,115,65
802,marshadow,fighting,ghost,sun/moon,gen 7,mythical,600,90,125,80,90,90,125
803,poipole,poison,,sun/moon,gen 7,ultra beast,420,67,73,67,73,67,73
804,naganadel,poison,dragon,sun/moon,gen 7,ultra beast,540,73,73,73,127,73,121
805,stakataka,rock,steel,sun/moon,gen 7,ultra beast,570,61,131,211,53,101,13
806,blacephalon,fire,ghost,sun/moon,gen 7,ultra beast,570,53,127,53,151,79,107
807,zeraora,electric,,sun/moon,gen 7,mythical,600,88,112,75,102,80,143
808,meltan,steel,,sun/moon,gen 7,mythical,300,46,65,65,55,35,34
809,melmetal,steel,,sun/moon,gen 7,mythical,600,135,143,143,80,65,34
810,grookey,grass,,sword/shield,gen 8,regular,310,50,65,50,40,40,65
811,thwackey,grass,,sword/shield,gen 8,regular,420,70,85,70,55,60,80
812,rillaboom,grass,,sword/shield,gen 8,regular,530,100,125,90,60,70,85
813,scorbunny,fire,,sword/shield,gen 8,regular,310,50,71,40,40,40,69
814,raboot,fire,,sword/shield,gen 8,regular,420,65,86,60,55,60,94
815,cinderace,fire,,sword/shield,gen 8,regular,530,80,116,75,65,75,119
816,sobble,water,,sword/shield,gen 8,regular,310,50,40,40,70,40,70
817,drizzile,water,,sword/shield,gen 8,regular,420,65,60,55,95,55,90
818,inteleon,water,,sword/shield,gen 8,regular,530,70,85,65,125,65,120
819,skwovet,normal,,sword/shield,gen 8,regular,275,70,55,55,35,35,25
820,greedent,normal,,sword/shield,gen 8,regular,460,120,95,95,55,75,20
821,rookidee,flying,,sword/shield,gen 8,regular,245,38,47,35,33,35,57
822,corvisquire,flying,,sword/shield,gen 8,regular,365,68,67,55,43,55,77
823,corviknight,flying,steel,sword/shield,gen 8,regular,495,98,87,105,53,85,67
824,blipbug,bug,,sword/shield,gen 8,regular,180,25,20,20,25,45,45
825,dottler,bug,psychic,sword/shield,gen 8,regular,335,50,35,80,50,90,30
826,orbeetle,bug,psychic,sword/shield,gen 8,regular,505,60,45,110,80,120,90
827,nickit,dark,,sword/shield,gen 8,regular,245,40,28,28,47,52,50
828,thievul,dark,,sword/shield,gen 8,regular,455,70,58,58,87,92,90
829,gossifleur,grass,,sword/shield,gen 8,regular,250,40,40,60,40,60,10
830,eldegoss,grass,,sword/shield,gen 8,regular,460,60,50,90,80,120,60
831,wooloo,normal,,sword/shield,gen 8,regular,270,42,40,55,40,45,48
832,dubwool,normal,,sword/shield,gen 8,regular,490,72,80,100,60,90,88
833,chewtle,water,,sword/shield,gen 8,regular,284,50,64,50,38,38,44
834,drednaw,water,rock,sword/shield,gen 8,regular,485,90,115,90,48,68,74
835,yamper,electric,,sword/shield,gen 8,regular,270,59,45,50,40,50,26
836,boltund,electric,,sword/shield,gen 8,regular,490,69,90,60,90,60,121
837,rolycoly,rock,,sword/shield,gen 8,regular,240,30,40,50,40,50,30
838,carkol,rock,fire,sword/shield,gen 8,regular,410,80,60,90,60,70,50
839,coalossal,rock,fire,sword/shield,gen 8,regular,510,110,80,120,80,90,30
840,applin,grass,dragon,sword/shield,gen 8,regular,260,40,40,80,40,40,20
841,flapple,grass,dragon,sword/shield,gen 8,regular,485,70,110,80,95,60,70
842,appletun,grass,dragon,sword/shield,gen 8,regular,485,110,85,80,100,80,30
843,silicobra,ground,,sword/shield,gen 8,regular,315,52,57,75,35,50,46
844,sandaconda,ground,,sword/shield,gen 8,regular,510,72,107,125,65,70,71
845,cramorant,flying,water,sword/shield,gen 8,regular,475,70,85,55,85,95,85
846,arrokuda,water,,sword/shield,gen 8,regular,280,41,63,40,40,30,66
847,barraskewda,water,,sword/shield,gen 8,regular,490,61,123,60,60,50,136
848,toxel,electric,poison,sword/shield,gen 8,regular,242,40,38,35,54,35,40
849,toxtricity,electric,poison,sword/shield,gen 8,regular,502,75,98,70,114,70,75
850,sizzlipede,fire,bug,sword/shield,gen 8,regular,305,50,65,45,50,50,45
851,centiskorch,fire,bug,sword/shield,gen 8,regular,525,100,115,65,90,90,65
852,clobbopus,fighting,,sword/shield,gen 8,regular,310,50,68,60,50,50,32
853,grapploct,fighting,,sword/shield,gen 8,regular,480,80,118,90,70,80,42
854,sinistea,ghost,,sword/shield,gen 8,regular,308,40,45,45,74,54,50
855,polteageist,ghost,,sword/shield,gen 8,regular,508,60,65,65,134,114,70
856,hatenna,psychic,,sword/shield,gen 8,regular,265,42,30,45,56,53,39
857,hattrem,psychic,,sword/shield,gen 8,regular,370,57,40,65,86,73,49
858,hatterene,psychic,fairy,sword/shield,gen 8,regular,510,57,90,95,136,103,29
859,impidimp,dark,fairy,sword/shield,gen 8,regular,265,45,45,30,55,40,50
860,morgrem,dark,fairy,sword/shield,gen 8,regular,370,65,60,45,75,55,70
861,grimmsnarl,dark,fairy,sword/shield,gen 8,regular,510,95,120,65,95,75,60
862,obstagoon,dark,normal,sword/shield,gen 8,regular,520,93,90,101,60,81,95
863,perrserker,steel,,sword/shield,gen 8,regular,440,70,110,100,50,60,50
864,cursola,ghost,,sword/shield,gen 8,regular,510,60,95,50,145,130,30
865,sirfetchd,fighting,,sword/shield,gen 8,regular,507,62,135,95,68,82,65
866,mr-rime,ice,psychic,sword/shield,gen 8,regular,520,80,85,75,110,100,70
867,runerigus,ground,ghost,sword/shield,gen 8,regular,483,58,95,145,50,105,30
868,milcery,fairy,,sword/shield,gen 8,regular,270,45,40,40,50,61,34
869,alcremie,fairy,,sword/shield,gen 8,regular,495,65,60,75,110,121,64
870,falinks,fighting,,sword/shield,gen 8,regular,470,65,100,100,70,60,75
871,pincurchin,electric,,sword/shield,gen 8,regular,435,48,101,95,91,85,15
872,snom,ice,bug,sword/shield,gen 8,regular,185,30,25,35,45,30,20
873,frosmoth,ice,bug,sword/shield,gen 8,regular,475,70,65,60,125,90,65
874,stonjourner,rock,,sword/shield,gen 8,regular,470,100,125,135,20,20,70
875,eiscue,ice,,sword/shield,gen 8,regular,470,75,80,110,65,90,50
876,indeedee,psychic,normal,sword/shield,gen 8,regular,475,60,65,55,105,95,95
877,morpeko,electric,dark,sword/shield,gen 8,regular,436,58,95,58,70,58,97
878,cufant,steel,,sword/shield,gen 8,regular,330,72,80,49,40,49,40
879,copperajah,steel,,sword/shield,gen 8,regular,500,122,130,69,80,69,30
880,dracozolt,electric,dragon,sword/shield,gen 8,regular,505,90,100,90,80,70,75
881,arctozolt,electric,ice,sword/shield,gen 8,regular,505,90,100,90,90,80,55
882,dracovish,water,dragon,sword/shield,gen 8,regular,505,90,90,100,70,80,75
883,arctovish,water,ice,sword/shield,gen 8,regular,505,90,90,100,80,90,55
884,duraludon,steel,dragon,sword/shield,gen 8,regular,535,70,95,115,120,50,85
885,dreepy,dragon,ghost,sword/shield,gen 8,regular,270,28,60,30,40,30,82
886,drakloak,dragon,ghost,sword/shield,gen 8,regular,410,68,80,50,60,50,102
887,dragapult,dragon,ghost,sword/shield,gen 8,regular,600,88,120,75,100,75,142
888,zacian,fairy,,sword/shield,gen 8,legendary,660,92,120,115,80,115,138
889,zamazenta,fighting,,sword/shield,gen 8,legendary,660,92,120,115,80,115,138
890,eternatus,poison,dragon,sword/shield,gen 8,legendary,690,140,85,95,145,95,130
891,kubfu,fighting,,sword/shield,gen 8,legendary,385,60,90,60,53,50,72
892,urshifu,fighting,dark,sword/shield,gen 8,legendary,550,100,130,100,63,60,97
893,zarude,dark,grass,sword/shield,gen 8,mythical,600,105,120,105,70,95,105
894,regieleki,electric,,sword/shield,gen 8,legendary,580,80,100,50,100,50,200
895,regidrago,dragon,,sword/shield,gen 8,legendary,580,200,100,50,100,50,80
896,glastrier,ice,,sword/shield,gen 8,legendary,580,100,145,130,65,110,30
897,spectrier,ghost,,sword/shield,gen 8,legendary,580,100,65,60,145,80,130
898,calyrex,psychic,grass,sword/shield,gen 8,legendary,500,100,80,80,80,80,80
899,wyrdeer,normal,psychic,sword/shield,gen 8,regular,525,103,105,72,105,75,65
900,kleavor,bug,rock,sword/shield,gen 8,regular,500,70,135,95,45,70,85
901,ursaluna,ground,normal,sword/shield,gen 8,regular,550,130,140,105,45,80,50
902,basculegion,water,ghost,sword/shield,gen 8,regular,530,120,112,65,80,75,78
903,sneasler,fighting,poison,sword/shield,gen 8,regular,510,80,130,60,40,80,120
904,overqwil,dark,poison,sword/shield,gen 8,regular,510,85,115,95,65,65,85
905,enamorus,fairy,flying,sword/shield,gen 8,legendary,580,74,115,70,135,80,106
906,sprigatito,grass,,scarlet/violet,gen 9,regular,310,40,61,54,45,45,65
907,floragato,grass,,scarlet/violet,gen 9,regular,410,61,80,63,60,63,83
908,meowscarada,grass,dark,scarlet/violet,gen 9,regular,530,76,110,70,81,70,123
909,fuecoco,fire,,scarlet/violet,gen 9,regular,310,67,45,59,63,40,36
910,crocalor,fire,,scarlet/violet,gen 9,regular,411,81,55,78,90,58,49
911,skeledirge,fire,ghost,scarlet/violet,gen 9,regular,530,104,75,100,110,75,66
912,quaxly,water,,scarlet/violet,gen 9,regular,310,55,65,45,50,45,50
913,quaxwell,water,,scarlet/violet,gen 9,regular,410,70,85,65,65,60,65
914,quaquaval,water,fighting,scarlet/violet,gen 9,regular,530,85,120,80,85,75,85
915,lechonk,normal,,scarlet/violet,gen 9,regular,254,54,45,40,35,45,35
916,oinkologne,normal,,scarlet/violet,gen 9,regular,489,110,100,75,59,80,65
917,tarountula,bug,,scarlet/violet,gen 9,regular,210,35,41,45,29,40,20
918,spidops,bug,,scarlet/violet,gen 9,regular,404,60,79,92,52,86,35
919,nymble,bug,,scarlet/violet,gen 9,regular,210,33,46,40,21,25,45
920,lokix,bug,dark,scarlet/violet,gen 9,regular,450,71,102,78,52,55,92
921,pawmi,electric,,scarlet/violet,gen 9,regular,240,45,50,20,40,25,60
922,pawmo,electric,fighting,scarlet/violet,gen 9,regular,350,60,75,40,50,40,85
923,pawmot,electric,fighting,scarlet/violet,gen 9,regular,490,70,115,70,70,60,105
924,tandemaus,normal,,scarlet/violet,gen 9,regular,305,50,50,45,40,45,75
925,maushold,normal,,scarlet/violet,gen 9,regular,470,74,75,70,65,75,111
926,fidough,fairy,,scarlet/violet,gen 9,regular,312,37,55,70,30,55,65
927,dachsbun,fairy,,scarlet/violet,gen 9,regular,477,57,80,115,50,80,95
928,smoliv,grass,normal,scarlet/violet,gen 9,regular,260,41,35,45,58,51,30
929,dolliv,grass,normal,scarlet/violet,gen 9,regular,354,52,53,60,78,78,33
930,arboliva,grass,normal,scarlet/violet,gen 9,regular,510,78,69,90,125,109,39
931,squawkabilly,normal,flying,scarlet/violet,gen 9,regular,417,82,96,51,45,51,92
932,nacli,rock,,scarlet/violet,gen 9,regular,280,55,55,75,35,35,25
933,naclstack,rock,,scarlet/violet,gen 9,regular,355,60,60,100,35,65,35
934,garganacl,rock,,scarlet/violet,gen 9,regular,500,100,100,130,45,90,35
935,charcadet,fire,,scarlet/violet,gen 9,regular,255,40,50,40,50,40,35
936,armarouge,fire,psychic,scarlet/violet,gen 9,regular,525,85,60,100,125,80,75
937,ceruledge,fire,ghost,scarlet/violet,gen 9,regular,525,75,125,80,60,100,85
938,tadbulb,electric,,scarlet/violet,gen 9,regular,272,61,31,41,59,35,45
939,bellibolt,electric,,scarlet/violet,gen 9,regular,495,109,64,91,103,83,45
940,wattrel,electric,flying,scarlet/violet,gen 9,regular,280,40,40,35,55,40,70
941,kilowattrel,electric,flying,scarlet/violet,gen 9,regular,490,70,70,60,105,60,125
942,maschiff,dark,,scarlet/violet,gen 9,regular,340,60,78,60,40,51,51
943,mabosstiff,dark,,scarlet/violet,gen 9,regular,505,80,120,90,60,70,85
944,shroodle,poison,normal,scarlet/violet,gen 9,regular,290,40,65,35,40,35,75
945,grafaiai,poison,normal,scarlet/violet,gen 9,regular,485,63,95,65,80,72,110
946,bramblin,grass,ghost,scarlet/violet,gen 9,regular,275,40,65,30,45,35,60
947,brambleghast,grass,ghost,scarlet/violet,gen 9,regular,480,55,115,70,80,70,90
948,toedscool,ground,grass,scarlet/violet,gen 9,regular,335,40,40,35,50,100,70
949,toedscruel,ground,grass,scarlet/violet,gen 9,regular,515,80,70,65,80,120,100
950,klawf,rock,,scarlet/violet,gen 9,regular,450,70,100,115,35,55,75
951,capsakid,grass,,scarlet/violet,gen 9,regular,304,50,62,40,62,40,50
952,scovillain,grass,fire,scarlet/violet,gen 9,regular,486,65,108,65,108,65,75
953,rellor,bug,,scarlet/violet,gen 9,regular,270,41,50,60,31,58,30
954,rabsca,bug,psychic,scarlet/violet,gen 9,regular,470,75,50,85,115,100,45
955,flittle,psychic,,scarlet/violet,gen 9,regular,255,30,35,30,55,30,75
956,espathra,psychic,,scarlet/violet,gen 9,regular,481,95,60,60,101,60,105
957,tinkatink,fairy,steel,scarlet/violet,gen 9,regular,297,50,45,45,35,64,58
958,tinkatuff,fairy,steel,scarlet/violet,gen 9,regular,380,65,55,55,45,82,78
959,tinkaton,fairy,steel,scarlet/violet,gen 9,regular,506,85,75,77,70,105,94
960,wiglett,water,,scarlet/violet,gen 9,regular,245,10,55,25,35,25,95
961,wugtrio,water,,scarlet/violet,gen 9,regular,425,35,100,50,50,70,120
962,bombirdier,flying,dark,scarlet/violet,gen 9,regular,485,70,103,85,60,85,82
963,finizen,water,,scarlet/violet,gen 9,regular,315,70,45,40,45,40,75
964,palafin,water,,scarlet/violet,gen 9,regular,457,100,70,72,53,62,100
965,varoom,steel,poison,scarlet/violet,gen 9,regular,300,45,70,63,30,45,47
966,revavroom,steel,poison,scarlet/violet,gen 9,regular,500,80,119,90,54,67,90
967,cyclizar,dragon,normal,scarlet/violet,gen 9,regular,501,70,95,65,85,65,121
968,orthworm,steel,,scarlet/violet,gen 9,regular,480,70,85,145,60,55,65
969,glimmet,rock,poison,scarlet/violet,gen 9,regular,350,48,35,42,105,60,60
970,glimmora,rock,poison,scarlet/violet,gen 9,regular,525,83,55,90,130,81,86
971,greavard,ghost,,scarlet/violet,gen 9,regular,290,50,61,60,30,55,34
972,houndstone,ghost,,scarlet/violet,gen 9,regular,488,72,101,100,50,97,68
973,flamigo,flying,fighting,scarlet/violet,gen 9,regular,500,82,115,74,75,64,90
974,cetoddle,ice,,scarlet/violet,gen 9,regular,334,108,68,45,30,40,43
975,cetitan,ice,,scarlet/violet,gen 9,regular,521,170,113,65,45,55,73
976,veluza,water,psychic,scarlet/violet,gen 9,regular,478,90,102,73,78,65,70
977,dondozo,water,,scarlet/violet,gen 9,regular,530,150,100,115,65,65,35
978,tatsugiri,dragon,water,scarlet/violet,gen 9,regular,475,68,50,60,120,95,82
979,annihilape,fighting,ghost,scarlet/violet,gen 9,regular,535,110,115,80,50,90,90
980,clodsire,poison,ground,scarlet/violet,gen 9,regular,430,130,75,60,45,100,20
981,farigiraf,normal,psychic,scarlet/violet,gen 9,regular,520,120,90,70,110,70,60
982,dudunsparce,normal,,scarlet/violet,gen 9,regular,520,125,100,80,85,75,55
983,kingambit,dark,steel,scarlet/violet,gen 9,regular,550,100,135,120,60,85,50
984,great-tusk,ground,fighting,scarlet/violet,gen 9,paradox,570,115,131,131,53,53,87
985,scream-tail,fairy,psychic,scarlet/violet,gen 9,paradox,570,115,65,99,65,115,111
986,brute-bonnet,grass,dark,scarlet/violet,gen 9,paradox,570,111,127,99,79,99,55
987,flutter-mane,ghost,fairy,scarlet/violet,gen 9,paradox,570,55,55,55,135,135,135
988,slither-wing,bug,fighting,scarlet/violet,gen 9,paradox,570,85,135,79,85,105,81
989,sandy-shocks,electric,ground,scarlet/violet,gen 9,paradox,570,85,81,97,121,85,101
990,iron-treads,ground,steel,scarlet/violet,gen 9,paradox,570,90,112,120,72,70,106
991,iron-bundle,ice,water,scarlet/violet,gen 9,paradox,570,56,80,114,124,60,136
992,iron-hands,fighting,electric,scarlet/violet,gen 9,paradox,570,154,140,108,50,68,50
993,iron-jugulis,dark,flying,scarlet/violet,gen 9,paradox,570,94,80,86,122,80,108
994,iron-moth,fire,poison,scarlet/violet,gen 9,paradox,570,80,70,60,140,110,110
995,iron-thorns,rock,electric,scarlet/violet,gen 9,paradox,570,100,134,110,70,84,72
996,frigibax,dragon,ice,scarlet/violet,gen 9,regular,320,65,75,45,35,45,55
997,arctibax,dragon,ice,scarlet/violet,gen 9,regular,423,90,95,66,45,65,62
998,baxcalibur,dragon,ice,scarlet/violet,gen 9,regular,600,115,145,92,75,86,87
999,gimmighoul,ghost,,scarlet/violet,gen 9,regular,300,45,30,70,75,70,10
1000,gholdengo,steel,ghost,scarlet/violet,gen 9,regular,550,87,60,95,133,91,84
1001,wo-chien,dark,grass,scarlet/violet,gen 9,legendary,570,85,85,100,95,135,70
1002,chien-pao,dark,ice,scarlet/violet,gen 9,legendary,570,80,120,80,90,65,135
1003,ting-lu,dark,ground,scarlet/violet,gen 9,legendary,570,155,110,125,55,80,45
1004,chi-yu,dark,fire,scarlet/violet,gen 9,legendary,570,55,80,80,135,120,100
1005,roaring-moon,dragon,dark,scarlet/violet,gen 9,paradox,590,105,139,71,55,101,119
1006,iron-valiant,fairy,fighting,scarlet/violet,gen 9,paradox,590,74,130,90,120,60,116
1007,koraidon,fighting,dragon,scarlet/violet,gen 9,legendary,670,100,135,115,85,100,135
1008,miraidon,electric,dragon,scarlet/violet,gen 9,legendary,670,100,85,100,135,115,135
1009,walking-wake,water,dragon,scarlet/violet,gen 9,paradox,590,99,83,91,125,83,109
1010,iron-leaves,grass,psychic,scarlet/violet,gen 9,paradox,590,90,130,88,70,108,104
1011,dipplin,grass,dragon,scarlet/violet,gen 9,regular,485,80,80,110,95,80,40
1012,poltchageist,grass,ghost,scarlet/violet,gen 9,regular,308,40,45,45,74,54,50
1013,sinistcha,grass,ghost,scarlet/violet,gen 9,regular,508,71,60,106,121,80,70
1014,okidogi,poison,fighting,scarlet/violet,gen 9,legendary,555,88,128,115,58,86,80
1015,munkidori,poison,psychic,scarlet/violet,gen 9,legendary,555,88,75,66,130,90,106
1016,fezandipiti,poison,fairy,scarlet/violet,gen 9,legendary,555,88,91,82,70,125,99
1017,ogerpon,grass,,scarlet/violet,gen 9,legendary,550,80,120,84,60,96,110
1018,archaludon,steel,dragon,scarlet/violet,gen 9,regular,600,90,105,130,125,65,85
1019,hydrapple,grass,dragon,scarlet/violet,gen 9,regular,540,106,80,110,120,80,44
1020,gouging-fire,fire,dragon,scarlet/violet,gen 9,paradox,590,105,115,121,65,93,91
1021,raging-bolt,electric,dragon,scarlet/violet,gen 9,paradox,590,125,73,91,137,89,75
1022,iron-boulder,rock,psychic,scarlet/violet,gen 9,regular,590,90,120,80,68,108,124
1023,iron-crown,steel,psychic,scarlet/violet,gen 9,paradox,590,90,72,100,122,108,98
1024,terapagos,normal,,scarlet/violet,gen 9,legendary,450,90,65,85,65,85,60
1025,pecharunt,poison,ghost,scarlet/violet,gen 9,mythical,600,88,88,160,88,88,88